method,exit,n_tasks,avg_energy_j_mean,avg_energy_j_std,avg_power_w_mean,avg_power_w_std
exit_0,0,6,0.2108,1.871×10^-2,66.4410,8.531×10^0
exit_1,1,6,0.2771,1.913×10^-2,67.8333,2.193×10^0
exit_2,2,6,0.3456,3.474×10^-2,66.7433,3.770×10^0
exit_3,3,6,0.5352,2.319×10^-2,65.1920,6.442×10^0
exit_4,4,6,0.6777,3.196×10^-2,64.6612,6.938×10^0
exit_5,5,6,0.7866,2.145×10^-2,65.1380,6.430×10^0
exit_6,6,6,0.8985,3.138×10^-2,64.7285,4.700×10^0
exit_7,7,6,0.9893,5.908×10^-2,63.8052,5.515×10^0
exit_8,8,6,1.1338,6.994×10^-2,65.2070,7.847×10^0
exit_9,9,6,1.2440,3.962×10^-2,65.4160,6.428×10^0
exit_10,10,6,1.3403,6.900×10^-2,64.5043,6.691×10^0
exit_11,11,6,1.4387,3.488×10^-2,64.3067,7.466×10^0
exit_12,12,6,1.5746,4.404×10^-2,65.4020,7.187×10^0
exit_13,13,6,1.6439,5.888×10^-2,63.7930,6.895×10^0
exit_14,14,6,1.7912,5.473×10^-2,64.7805,7.077×10^0
exit_15,15,6,1.8787,4.112×10^-2,64.4733,6.668×10^0
