method,avg_energy_j,std_avg_energy_j,avg_power_w,std_avg_power_w
exit_0,0.0521778,2.000×10^-3,2.1430,3.819×10^-2
exit_1,0.0870116,3.120×10^-3,3.7140,1.136×10^-1
exit_2,0.134585,5.149×10^-3,4.0030,1.389×10^-1
exit_3,0.182571,5.694×10^-3,4.1680,1.186×10^-1
exit_4,0.231486,5.828×10^-3,4.2890,9.336×10^-2
exit_5,0.282018,7.714×10^-3,4.3950,1.101×10^-1
exit_6,0.33233,7.307×10^-3,4.4850,9.082×10^-2
exit_7,0.382439,8.125×10^-3,4.5470,8.839×10^-2
exit_8,0.432384,8.964×10^-3,4.6010,8.718×10^-2
exit_9,0.482279,9.231×10^-3,4.6440,8.258×10^-2
exit_10,0.532868,1.269×10^-2,4.6820,1.058×10^-1
exit_11,0.582682,1.093×10^-2,4.7130,8.073×10^-2
exit_12,0.634051,1.210×10^-2,4.7460,8.218×10^-2
exit_13,0.683438,1.248×10^-2,4.7490,7.827×10^-2
exit_14,0.732978,1.186×10^-2,4.7430,6.990×10^-2
exit_15,0.781107,1.421×10^-2,4.7420,8.188×10^-2
exit_16,0.833381,1.429×10^-2,4.7790,7.765×10^-2
exit_17,0.884783,1.718×10^-2,4.8020,8.869×10^-2
exit_18,0.934982,1.447×10^-2,4.8150,6.962×10^-2
exit_19,0.98537,1.623×10^-2,4.8320,7.533×10^-2
exit_20,1.04075,1.535×10^-2,4.8650,6.187×10^-2
exit_21,1.08967,1.689×10^-2,4.8700,7.218×10^-2
exit_22,1.14065,2.199×10^-2,4.8810,9.348×10^-2
exit_23,1.19755,1.802×10^-2,4.9200,7.294×10^-2
