method,exit,n_tasks,-- GPU --_mean,-- GPU --_std,gpu_vram_total_mb_mean,gpu_vram_total_mb_std,avg_gpu_mem_used_mb_mean,avg_gpu_mem_used_mb_std,avg_vram_allocated_mb_mean,avg_vram_allocated_mb_std,avg_vram_reserved_mb_mean,avg_vram_reserved_mb_std,avg_vram_free_mb_mean,avg_vram_free_mb_std,avg_gpu_clock_mhz_mean,avg_gpu_clock_mhz_std,avg_gpu_mem_clock_mhz_mean,avg_gpu_mem_clock_mhz_std,-- CPU --_mean,-- CPU --_std,avg_cpu_cores_used_mean,avg_cpu_cores_used_std,avg_cpu_clock_mhz_mean,avg_cpu_clock_mhz_std,-- RAM --_mean,-- RAM --_std,avg_ram_used_mb_mean,avg_ram_used_mb_std,avg_unified_mem_used_mb_mean,avg_unified_mem_used_mb_std
exit_0,0,5,nan,0,0.0000,0,1397.2000,1.789×10^0,1380.4700,0,1397.2000,1.789×10^0,0.0000,0,0.0000,0,0.0000,0,nan,0,0.6156,1.069×10^-2,751.2261,4.742×10^0,nan,0,2577.4401,1.003×10^2,0.0000,0
exit_1,1,5,nan,0,0.0000,0,1397.2000,1.789×10^0,1380.4700,0,1397.2000,1.789×10^0,0.0000,0,0.0000,0,0.0000,0,nan,0,0.5072,4.658×10^-3,744.0630,2.112×10^0,nan,0,2581.6542,9.569×10^1,0.0000,0
exit_2,2,5,nan,0,0.0000,0,1397.2000,1.789×10^0,1380.4700,0,1397.2000,1.789×10^0,0.0000,0,0.0000,0,0.0000,0,nan,0,0.5622,2.655×10^-2,761.0737,4.211×10^1,nan,0,2581.8250,9.551×10^1,0.0000,0
exit_3,3,5,nan,0,0.0000,0,1397.2000,1.789×10^0,1380.4700,0,1397.2000,1.789×10^0,0.0000,0,0.0000,0,0.0000,0,nan,0,0.6074,8.295×10^-3,778.5085,2.977×10^1,nan,0,2581.9854,9.563×10^1,0.0000,0
exit_4,4,5,nan,0,0.0000,0,1397.2000,1.789×10^0,1380.4700,0,1397.2000,1.789×10^0,0.0000,0,0.0000,0,0.0000,0,nan,0,0.5940,4.301×10^-3,808.9241,1.929×10^0,nan,0,2582.6327,9.651×10^1,0.0000,0
exit_5,5,5,nan,0,0.0000,0,1397.2000,1.789×10^0,1380.4700,0,1397.2000,1.789×10^0,0.0000,0,0.0000,0,0.0000,0,nan,0,0.5760,4.637×10^-3,810.0351,3.434×10^0,nan,0,2583.5101,9.770×10^1,0.0000,0
exit_6,6,5,nan,0,0.0000,0,1397.2000,1.789×10^0,1380.4700,0,1397.2000,1.789×10^0,0.0000,0,0.0000,0,0.0000,0,nan,0,0.6078,8.106×10^-3,787.2875,4.952×10^0,nan,0,2583.5383,9.774×10^1,0.0000,0
exit_7,7,5,nan,0,0.0000,0,1397.2000,1.789×10^0,1380.4700,0,1397.2000,1.789×10^0,0.0000,0,0.0000,0,0.0000,0,nan,0,0.5978,5.357×10^-3,800.3897,5.729×10^0,nan,0,2583.6646,9.789×10^1,0.0000,0
exit_8,8,5,nan,0,0.0000,0,1397.2000,1.789×10^0,1380.4700,0,1397.2000,1.789×10^0,0.0000,0,0.0000,0,0.0000,0,nan,0,0.5824,2.881×10^-3,813.2375,1.484×10^0,nan,0,2583.6643,9.788×10^1,0.0000,0
exit_9,9,5,nan,0,0.0000,0,1397.2000,1.789×10^0,1380.4700,0,1397.2000,1.789×10^0,0.0000,0,0.0000,0,0.0000,0,nan,0,0.5648,4.712×10^-3,817.1284,1.697×10^0,nan,0,2584.3940,9.834×10^1,0.0000,0
exit_10,10,5,nan,0,0.0000,0,1397.2000,1.789×10^0,1380.4700,0,1397.2000,1.789×10^0,0.0000,0,0.0000,0,0.0000,0,nan,0,0.5590,2.345×10^-3,824.4126,7.224×10^0,nan,0,2584.3103,9.858×10^1,0.0000,0
exit_11,11,5,nan,0,0.0000,0,1397.2000,1.789×10^0,1380.4700,0,1397.2000,1.789×10^0,0.0000,0,0.0000,0,0.0000,0,nan,0,0.5512,4.324×10^-3,848.4494,1.145×10^0,nan,0,2584.1320,9.839×10^1,0.0000,0
exit_12,12,5,nan,0,0.0000,0,1397.2000,1.789×10^0,1380.4700,0,1397.2000,1.789×10^0,0.0000,0,0.0000,0,0.0000,0,nan,0,0.5438,4.764×10^-3,852.4394,1.429×10^0,nan,0,2584.2322,9.852×10^1,0.0000,0
exit_13,13,5,nan,0,0.0000,0,1397.2000,1.789×10^0,1380.4700,0,1397.2000,1.789×10^0,0.0000,0,0.0000,0,0.0000,0,nan,0,0.5330,2.345×10^-3,861.8289,6.508×10^0,nan,0,2584.1882,9.843×10^1,0.0000,0
exit_14,14,5,nan,0,0.0000,0,1397.2000,1.789×10^0,1380.4700,0,1397.2000,1.789×10^0,0.0000,0,0.0000,0,0.0000,0,nan,0,0.5170,2.345×10^-3,887.2780,2.038×10^0,nan,0,2584.2139,9.889×10^1,0.0000,0
exit_15,15,5,nan,0,0.0000,0,1397.2000,1.789×10^0,1380.4700,0,1397.2000,1.789×10^0,0.0000,0,0.0000,0,0.0000,0,nan,0,0.5110,3.606×10^-3,889.8853,8.337×10^-1,nan,0,2584.6024,9.889×10^1,0.0000,0
exit_16,16,5,nan,0,0.0000,0,1397.2000,1.789×10^0,1380.4700,0,1397.2000,1.789×10^0,0.0000,0,0.0000,0,0.0000,0,nan,0,0.5058,2.588×10^-3,892.4056,1.087×10^1,nan,0,2584.9235,9.925×10^1,0.0000,0
exit_17,17,5,nan,0,0.0000,0,1397.2000,1.789×10^0,1380.4700,0,1397.2000,1.789×10^0,0.0000,0,0.0000,0,0.0000,0,nan,0,0.5000,1.000×10^-3,923.6394,2.098×10^0,nan,0,2586.1932,9.941×10^1,0.0000,0
exit_18,18,5,nan,0,0.0000,0,1397.2000,1.789×10^0,1380.4700,0,1397.2000,1.789×10^0,0.0000,0,0.0000,0,0.0000,0,nan,0,0.4896,1.517×10^-3,924.9571,5.141×10^0,nan,0,2587.4684,9.860×10^1,0.0000,0
exit_19,19,5,nan,0,0.0000,0,1397.2000,1.789×10^0,1380.4700,0,1397.2000,1.789×10^0,0.0000,0,0.0000,0,0.0000,0,nan,0,0.4788,4.472×10^-4,944.5468,3.432×10^0,nan,0,2588.6508,9.777×10^1,0.0000,0
exit_20,20,5,nan,0,0.0000,0,1397.2000,1.789×10^0,1380.4700,0,1397.2000,1.789×10^0,0.0000,0,0.0000,0,0.0000,0,nan,0,0.4738,4.472×10^-4,959.0447,1.649×10^0,nan,0,2588.6494,9.739×10^1,0.0000,0
exit_21,21,5,nan,0,0.0000,0,1397.2000,1.789×10^0,1380.4700,0,1397.2000,1.789×10^0,0.0000,0,0.0000,0,0.0000,0,nan,0,0.4704,8.944×10^-4,963.0573,1.464×10^0,nan,0,2589.6149,9.761×10^1,0.0000,0
exit_22,22,5,nan,0,0.0000,0,1397.2000,1.789×10^0,1380.4700,0,1397.2000,1.789×10^0,0.0000,0,0.0000,0,0.0000,0,nan,0,0.4638,8.367×10^-4,972.5854,2.787×10^0,nan,0,2589.8403,9.763×10^1,0.0000,0
exit_23,23,5,nan,0,0.0000,0,1397.2000,1.789×10^0,1380.4700,0,1397.2000,1.789×10^0,0.0000,0,0.0000,0,0.0000,0,nan,0,0.4536,8.944×10^-4,983.9743,3.736×10^0,nan,0,2581.4196,8.685×10^1,0.0000,0
