method,main_metric,accuracy,ece,f1,perplexity
exit_0,accuracy,0.2400,0.7590,0.2371,192440632238094816.0000
exit_1,accuracy,0.2600,0.7353,0.2550,46309734723.3683
exit_2,accuracy,0.2500,0.7333,0.2439,66176055.8651
exit_3,accuracy,0.2600,0.7356,0.2568,1600154.9680
exit_4,accuracy,0.2500,0.7332,0.2439,469453.3035
exit_5,accuracy,0.2600,0.7234,0.2498,376020.1927
exit_6,accuracy,0.2600,0.7353,0.2521,423534.2497
exit_7,accuracy,0.2500,0.7343,0.2473,433518.6228
exit_8,accuracy,0.2700,0.7188,0.2640,857099.5920
exit_9,accuracy,0.2600,0.7214,0.2535,189084.8923
exit_10,accuracy,0.3000,0.6815,0.2976,56658.4605
exit_11,accuracy,0.3500,0.6346,0.3437,13729.0750
exit_12,accuracy,0.3800,0.6193,0.3777,3378.4685
exit_13,accuracy,0.3900,0.5984,0.3901,568.1288
exit_14,accuracy,0.4100,0.5570,0.4081,44.0796
exit_15,accuracy,0.4400,0.5349,0.4372,18.5804
