method,main_metric,acc,acc_and_f1,ece,f1,glue_score,mcc
exit_0,f1,0.6838,0.7480,0.0829,0.8122,0.8122,0.0000
exit_1,f1,0.6838,0.7480,0.0314,0.8122,0.8122,0.0000
exit_2,f1,0.3162,0.1581,0.4106,0.0000,0.0000,0.0000
exit_3,f1,0.3162,0.1581,0.3350,0.0000,0.0000,0.0000
exit_4,f1,0.3162,0.1581,0.2574,0.0000,0.0000,0.0000
exit_5,f1,0.3333,0.2103,0.1926,0.0872,0.0872,0.0002
exit_6,f1,0.6814,0.7459,0.1367,0.8105,0.8105,-0.0337
exit_7,f1,0.3162,0.1581,0.3681,0.0000,0.0000,0.0000
exit_8,f1,0.6838,0.7480,0.0755,0.8122,0.8122,0.0000
exit_9,f1,0.3162,0.1581,0.2675,0.0000,0.0000,0.0000
exit_10,f1,0.5147,0.5699,0.0065,0.6250,0.6250,-0.0570
exit_11,f1,0.6569,0.7207,0.1281,0.7846,0.7846,0.0239
exit_12,f1,0.6814,0.7459,0.1139,0.8105,0.8105,-0.0337
exit_13,f1,0.6838,0.7480,0.0187,0.8122,0.8122,0.0000
exit_14,f1,0.4877,0.5101,0.0306,0.5324,0.5324,0.0441
exit_15,f1,0.5000,0.5393,0.0171,0.5785,0.5785,-0.0019
exit_16,f1,0.6838,0.7480,0.1043,0.8122,0.8122,0.0000
exit_17,f1,0.6838,0.7480,0.1050,0.8122,0.8122,0.0000
exit_18,f1,0.3186,0.1664,0.2526,0.0142,0.0142,-0.0032
exit_19,f1,0.6838,0.7480,0.1302,0.8122,0.8122,0.0000
exit_20,f1,0.3162,0.1581,0.4114,0.0000,0.0000,0.0000
exit_21,f1,0.3162,0.1581,0.3031,0.0000,0.0000,0.0000
exit_22,f1,0.3309,0.1964,0.2119,0.0619,0.0619,0.0248
exit_23,f1,0.6838,0.7480,0.0634,0.8122,0.8122,0.0000
