method,exit,n_tasks,ttft_sec_mean_mean,ttft_sec_mean_std,end_to_end_sec_mean_mean,end_to_end_sec_mean_std,throughput_samples_per_sec_mean,throughput_samples_per_sec_std
exit_0_P3,0,1,0,0,0.177917,0,1.4012,0
exit_0_P4,0,1,0,0,0.026321,0,26.5817,0
exit_0_P5,0,1,0,0,0.025655,0,27.1054,0
exit_1_P3,1,1,0,0,0.028164,0,7.9040,0
exit_1_P4,1,1,0,0,0.025667,0,27.5117,0
exit_1_P5,1,1,0,0,0.025909,0,27.3148,0
exit_2_P3,2,1,0,0,0.028154,0,11.1738,0
exit_2_P4,2,1,0,0,0.02643,0,27.0275,0
exit_2_P5,2,1,0,0,0.026704,0,26.7375,0
exit_3_P3,3,1,0,0,0.037966,0,3.8621,0
exit_3_P4,3,1,0,0,0.036407,0,21.2177,0
exit_3_P5,3,1,0,0,0.035507,0,21.6820,0
exit_4_P3,4,1,0,0,0.04238,0,6.8560,0
exit_4_P4,4,1,0,0,0.04167,0,18.9619,0
exit_4_P5,4,1,0,0,0.04238,0,18.6304,0
exit_5_P3,5,1,0,0,0.048557,0,7.0723,0
exit_5_P4,5,1,0,0,0.047731,0,16.9498,0
exit_5_P5,5,1,0,0,0.047824,0,16.8819,0
