method,main_metric,acc,ece,f1,top1,top5
exit_0,top1,0.0100,0.0051,0.0003,0.0100,0.0502
exit_1,top1,0.0094,0.0062,0.0004,0.0094,0.0509
exit_2,top1,0.0069,0.0085,0.0013,0.0069,0.0431
exit_3,top1,0.0112,0.0068,0.0012,0.0112,0.0485
exit_4,top1,0.0088,0.0146,0.0003,0.0088,0.0366
exit_5,top1,0.0063,0.0133,0.0015,0.0063,0.0488
exit_6,top1,0.0097,0.0085,0.0027,0.0097,0.0459
exit_7,top1,0.0096,0.0101,0.0023,0.0096,0.0447
exit_8,top1,0.0071,0.0128,0.0022,0.0071,0.0421
exit_9,top1,0.0088,0.0128,0.0029,0.0088,0.0559
exit_10,top1,0.0076,0.0135,0.0040,0.0076,0.0451
exit_11,top1,0.0079,0.0160,0.0018,0.0079,0.0541
exit_12,top1,0.0076,0.0138,0.0041,0.0076,0.0464
exit_13,top1,0.0086,0.0129,0.0059,0.0086,0.0446
exit_14,top1,0.0127,0.0110,0.0054,0.0127,0.0514
exit_15,top1,0.0062,0.0167,0.0058,0.0062,0.0466
exit_16,top1,0.0147,0.0092,0.0075,0.0147,0.0597
exit_17,top1,0.0092,0.0150,0.0053,0.0092,0.0464
exit_18,top1,0.0086,0.0157,0.0059,0.0086,0.0396
exit_19,top1,0.0089,0.0153,0.0063,0.0089,0.0448
exit_20,top1,0.0123,0.0120,0.0087,0.0123,0.0553
exit_21,top1,0.0101,0.0164,0.0067,0.0101,0.0504
exit_22,top1,0.0094,0.0231,0.0056,0.0094,0.0530
exit_23,top1,0.0070,0.0344,0.0050,0.0070,0.0395
