method,gpu_name,gpu_vram_total_mb,gpu_cuda_capability,gpu_multi_processor_count,gpu_power_monitoring,cpu_max_cores_physical,cpu_max_cores_logical,cpu_max_freq_mhz,ram_total_mb,papi_available
exit_0,NVIDIA A100-SXM4-40GB,40441.38,8.0,108,True,6,12,0.0,85477.06,False
exit_1,NVIDIA A100-SXM4-40GB,40441.38,8.0,108,True,6,12,0.0,85477.06,False
exit_2,NVIDIA A100-SXM4-40GB,40441.38,8.0,108,True,6,12,0.0,85477.06,False
exit_3,NVIDIA A100-SXM4-40GB,40441.38,8.0,108,True,6,12,0.0,85477.06,False
exit_4,NVIDIA A100-SXM4-40GB,40441.38,8.0,108,True,6,12,0.0,85477.06,False
exit_5,NVIDIA A100-SXM4-40GB,40441.38,8.0,108,True,6,12,0.0,85477.06,False
exit_6,NVIDIA A100-SXM4-40GB,40441.38,8.0,108,True,6,12,0.0,85477.06,False
exit_7,NVIDIA A100-SXM4-40GB,40441.38,8.0,108,True,6,12,0.0,85477.06,False
exit_8,NVIDIA A100-SXM4-40GB,40441.38,8.0,108,True,6,12,0.0,85477.06,False
exit_9,NVIDIA A100-SXM4-40GB,40441.38,8.0,108,True,6,12,0.0,85477.06,False
exit_10,NVIDIA A100-SXM4-40GB,40441.38,8.0,108,True,6,12,0.0,85477.06,False
exit_11,NVIDIA A100-SXM4-40GB,40441.38,8.0,108,True,6,12,0.0,85477.06,False
exit_12,NVIDIA A100-SXM4-40GB,40441.38,8.0,108,True,6,12,0.0,85477.06,False
exit_13,NVIDIA A100-SXM4-40GB,40441.38,8.0,108,True,6,12,0.0,85477.06,False
exit_14,NVIDIA A100-SXM4-40GB,40441.38,8.0,108,True,6,12,0.0,85477.06,False
exit_15,NVIDIA A100-SXM4-40GB,40441.38,8.0,108,True,6,12,0.0,85477.06,False
exit_16,NVIDIA A100-SXM4-40GB,40441.38,8.0,108,True,6,12,0.0,85477.06,False
exit_17,NVIDIA A100-SXM4-40GB,40441.38,8.0,108,True,6,12,0.0,85477.06,False
exit_18,NVIDIA A100-SXM4-40GB,40441.38,8.0,108,True,6,12,0.0,85477.06,False
exit_19,NVIDIA A100-SXM4-40GB,40441.38,8.0,108,True,6,12,0.0,85477.06,False
exit_20,NVIDIA A100-SXM4-40GB,40441.38,8.0,108,True,6,12,0.0,85477.06,False
exit_21,NVIDIA A100-SXM4-40GB,40441.38,8.0,108,True,6,12,0.0,85477.06,False
exit_22,NVIDIA A100-SXM4-40GB,40441.38,8.0,108,True,6,12,0.0,85477.06,False
exit_23,NVIDIA A100-SXM4-40GB,40441.38,8.0,108,True,6,12,0.0,85477.06,False
