method,main_metric,ece,f1,map,map50,precision,recall,sub_exit
exit_0_P3,map,0.0022,0.0000,0.0000,0.0000,0.0000,0.0002,0.0000
exit_0_P4,map,0.0013,0.0002,0.0000,0.0001,0.0002,0.0005,1.0000
exit_0_P5,map,0.0025,0.0006,0.0003,0.0007,0.0015,0.0006,2.0000
exit_1_P3,map,0.0022,0.0000,0.0000,0.0000,0.0000,0.0002,0.0000
exit_1_P4,map,0.0013,0.0002,0.0000,0.0001,0.0002,0.0005,1.0000
exit_1_P5,map,0.0018,0.0004,0.0000,0.0002,0.0002,0.0054,2.0000
exit_2_P3,map,0.0022,0.0000,0.0000,0.0000,0.0000,0.0002,0.0000
exit_2_P4,map,0.0013,0.0002,0.0000,0.0001,0.0002,0.0005,1.0000
exit_2_P5,map,0.0027,0.0002,0.0000,0.0002,0.0004,0.0001,2.0000
exit_3_P3,map,0.0137,0.3247,0.1701,0.2684,0.4893,0.2688,0.0000
exit_3_P4,map,0.0014,0.0002,0.0000,0.0001,0.0002,0.0005,1.0000
exit_3_P5,map,0.0027,0.0002,0.0000,0.0002,0.0004,0.0001,2.0000
exit_4_P3,map,0.0137,0.3247,0.1701,0.2684,0.4893,0.2688,0.0000
exit_4_P4,map,0.0375,0.4398,0.2759,0.3923,0.6037,0.3545,1.0000
exit_4_P5,map,0.0027,0.0002,0.0000,0.0002,0.0004,0.0001,2.0000
exit_5_P3,map,0.0137,0.3247,0.1701,0.2684,0.4893,0.2688,0.0000
exit_5_P4,map,0.0375,0.4398,0.2759,0.3923,0.6037,0.3545,1.0000
exit_5_P5,map,0.0394,0.2870,0.2132,0.2720,0.6487,0.2142,2.0000
