tag,n_tenants,overlap_frac,t0,t0_lat_solo,t0_lat_shared,t0_slowdown,pair_power_w,t0_thru_solo,t0_thru_shared,t0_vram_mb,t0_ram_mb,pair_energy_j,agg_throughput,throughput_gain,pair_vram_mb,target_window_sec,t0_n_samples,t0_p95_solo,t0_p95_shared,t0_p95_ratio,t0_busy_sec,pair_ram_mb,t0_vram_static_mb,t0_vram_dynamic_mb,t0_vram_peak_mb,t0_dynamic_ratio,pair_vram_static_mb,pair_vram_peak_mb,t0_gpu_mem_static_mb,t0_gpu_mem_dynamic_mb,t0_gpu_mem_peak_mb,pair_window_sec,pair_gpu_mem_static_mb,pair_gpu_mem_peak_mb,timed_overlap_frac
selftest,1,1.0,bert@0,0.014046,0.0141,1.004,1.973,,,,,,,,,,,,,,,,,,,,,,,,,,,,
selftest,1,1.0,bert@0,0.014046,0.0141,1.004,1.973,54.7939,54.6851,1380.47,2515.53,0.0278,54.685,0.998,1380.5,,,,,,,,,,,,,,,,,,,,
selftest,1,1.0,bert@0,0.014046,0.0141,1.004,1.973,54.7939,54.6851,1380.47,2515.53,28.912,54.685,0.998,1380.5,30.0,2135,0.014502,0.014649,1.01,19.02,2515.5,,,,,,,,,,,,,
selftest,1,1.0,bert@0,0.014046,0.0141,1.004,1.973,54.7939,54.6851,1380.47,2515.53,28.912,54.685,0.998,1380.5,30.0,2135,0.014502,0.014649,1.01,19.02,2515.5,,,1383.97,,,1384.0,,,,,,,
selftest,1,1.0,bert@0,0.014046,0.0141,1.004,1.973,54.7939,54.6851,1380.47,2515.53,37.523,54.685,0.998,1380.5,30.0,2135,0.014502,0.014649,1.01,19.02,2515.5,,,,,,,,,1383.97,19.02,,1384.0,
selftest,1,1.0,bert@0,0.014046,0.0141,1.004,1.973,54.7939,54.6851,1380.47,2515.53,37.523,54.685,0.998,1380.5,30.0,2135,0.014502,0.014649,1.01,19.02,2515.5,,,,,,,,,1383.97,19.02,,1384.0,
selftest,1,1.0,bert@0,0.014046,0.0141,1.004,1.973,54.7939,54.6851,1380.47,2515.53,37.523,54.685,0.998,1380.5,30.0,2135,0.014502,0.014649,1.01,19.02,2515.5,,,,,,,,,1383.97,19.02,,1384.0,
selftest,1,1.0,bert@0,0.014046,0.0141,1.004,1.973,54.7939,54.6851,1380.47,2515.53,37.523,54.685,0.998,1380.5,30.0,2135,0.014502,0.014649,1.01,19.02,2515.5,,,,,,,,,1383.97,19.02,,1384.0,
selftest,1,1.0,bert@0,0.014046,0.0141,1.004,1.973,54.7939,54.6851,1380.47,2515.53,37.523,54.685,0.998,1380.5,30.0,2135,0.014502,0.014649,1.01,19.02,2515.5,,,,,,,,,1383.97,19.02,,1384.0,
