method,exit,n_tasks,accuracy_mean,accuracy_std,ece_mean,ece_std,f1_mean,f1_std,perplexity_mean,perplexity_std,rouge2_f1_mean,rouge2_f1_std,rougeL_mean,rougeL_std,exact_match_mean,exact_match_std,n_correct_mean,n_correct_std
exit_0,0,5,0.2300,1.732×10^-2,0.7171,6.296×10^-2,0.2067,2.663×10^-2,66640161803889704.0000,1.090×10^17,0.0000,0,0.0017,0,0.0000,0,0.0000,0
exit_1,1,5,0.2133,4.041×10^-2,0.6802,9.653×10^-2,0.1936,5.488×10^-2,18679052206.0924,2.437×10^10,0.0000,0,0.0018,0,0.0000,0,0.0000,0
exit_2,2,5,0.2267,2.082×10^-2,0.6788,5.222×10^-2,0.2040,4.500×10^-2,45015312.4375,2.657×10^7,0.0000,0,0.0014,0,0.0000,0,0.0000,0
exit_3,3,5,0.2167,3.786×10^-2,0.6456,1.242×10^-1,0.1936,5.795×10^-2,1581153.6721,7.198×10^5,0.0000,0,0.0016,0,0.0000,0,0.0000,0
exit_4,4,5,0.2133,6.351×10^-2,0.6813,4.575×10^-2,0.1956,7.731×10^-2,953501.2294,4.317×10^5,0.0000,0,0.0035,0,0.0000,0,0.0000,0
exit_5,5,5,0.2333,3.786×10^-2,0.6671,5.252×10^-2,0.2176,5.396×10^-2,842386.9101,5.574×10^5,0.0000,0,0.0010,0,0.0000,0,0.0000,0
exit_6,6,5,0.2400,2.000×10^-2,0.5955,1.710×10^-1,0.2263,2.240×10^-2,1203013.1465,9.186×10^5,0.0000,0,0.0018,0,0.0000,0,0.0000,0
exit_7,7,5,0.2367,2.309×10^-2,0.6341,1.100×10^-1,0.2152,5.305×10^-2,987899.9590,5.683×10^5,0.0000,0,0.0022,0,0.0000,0,0.0000,0
exit_8,8,5,0.2400,2.646×10^-2,0.6534,7.153×10^-2,0.2059,6.557×10^-2,1909478.0363,1.506×10^6,0.0000,0,0.0014,0,0.0000,0,0.0000,0
exit_9,9,5,0.2433,1.528×10^-2,0.6080,1.536×10^-1,0.2215,3.680×10^-2,980815.2423,6.948×10^5,0.0000,0,0.0020,0,0.0000,0,0.0000,0
exit_10,10,5,0.2700,5.196×10^-2,0.5813,1.207×10^-1,0.2596,6.270×10^-2,441907.3213,4.586×10^5,0.0000,0,0.0051,0,0.0000,0,0.0000,0
exit_11,11,5,0.2967,5.033×10^-2,0.6016,4.626×10^-2,0.2826,6.466×10^-2,90809.4539,7.442×10^4,0.0000,0,0.0081,0,0.0000,0,0.0000,0
exit_12,12,5,0.3033,8.021×10^-2,0.6209,1.208×10^-2,0.2944,8.758×10^-2,38638.8869,3.091×10^4,0.0018,0,0.0196,0,0.0000,0,0.0000,0
exit_13,13,5,0.2800,9.849×10^-2,0.6132,2.777×10^-2,0.2678,1.126×10^-1,11378.9515,1.415×10^4,0.0041,0,0.0357,0,0.0000,0,0.0000,0
exit_14,14,5,0.2800,1.136×10^-1,0.5402,9.162×10^-2,0.2685,1.224×10^-1,837.6235,1.197×10^3,0.0243,0,0.0960,0,nan,0,nan,0
exit_15,15,5,0.3300,9.644×10^-2,0.4808,9.376×10^-2,0.3133,1.106×10^-1,269.1964,4.034×10^2,0.0260,0,0.1041,0,0.0200,0,2.0000,0
