method,exit,n_tasks,acc_mean,acc_std,ece_mean,ece_std,f1_mean,f1_std,top1_mean,top1_std,top5_mean,top5_std
exit_0,0,3,0.5167,9.334×10^-3,0.1466,1.103×10^-2,0.5121,8.910×10^-3,0.5167,9.334×10^-3,0.9382,2.970×10^-3
exit_1,1,3,0.6255,1.025×10^-2,0.1371,8.839×10^-3,0.6220,1.153×10^-2,0.6255,1.025×10^-2,0.9650,9.899×10^-4
exit_2,2,3,0.7243,5.445×10^-3,0.1121,1.138×10^-2,0.7232,5.233×10^-3,0.7243,5.445×10^-3,0.9822,4.243×10^-4
exit_3,3,3,0.7873,1.223×10^-2,0.0931,1.195×10^-2,0.7869,1.209×10^-2,0.7873,1.223×10^-2,0.9911,7.071×10^-4
exit_4,4,3,0.8379,4.808×10^-3,0.0789,7.283×10^-3,0.8377,4.738×10^-3,0.8379,4.808×10^-3,0.9952,9.192×10^-4
exit_5,5,3,0.8722,5.869×10^-3,0.0648,6.505×10^-3,0.8720,5.798×10^-3,0.8722,5.869×10^-3,0.9969,3.536×10^-4
exit_6,6,3,0.9052,3.323×10^-3,0.0510,4.455×10^-3,0.9052,3.253×10^-3,0.9052,3.323×10^-3,0.9984,3.536×10^-4
exit_7,7,3,0.9304,1.061×10^-3,0.0389,2.828×10^-4,0.9304,1.131×10^-3,0.9304,1.061×10^-3,0.9991,2.121×10^-4
exit_8,8,3,0.9447,1.485×10^-3,0.0311,5.657×10^-4,0.9447,1.485×10^-3,0.9447,1.485×10^-3,0.9994,1.414×10^-4
exit_9,9,3,0.9559,5.657×10^-4,0.0244,1.414×10^-4,0.9560,4.950×10^-4,0.9559,5.657×10^-4,0.9997,0
exit_10,10,3,0.9648,1.414×10^-4,0.0198,9.192×10^-4,0.9648,1.414×10^-4,0.9648,1.414×10^-4,0.9993,2.121×10^-4
exit_11,11,3,0.9707,3.536×10^-4,0.0156,6.364×10^-4,0.9707,3.536×10^-4,0.9707,3.536×10^-4,0.9996,7.071×10^-5
exit_12,12,3,0.9756,2.121×10^-4,0.0135,4.950×10^-4,0.9756,2.121×10^-4,0.9756,2.121×10^-4,0.9996,0
exit_13,13,3,0.9778,9.192×10^-4,0.0122,9.899×10^-4,0.9778,9.192×10^-4,0.9778,9.192×10^-4,0.9998,1.414×10^-4
exit_14,14,3,0.9826,3.536×10^-4,0.0094,7.071×10^-4,0.9826,3.536×10^-4,0.9826,3.536×10^-4,0.9994,0
exit_15,15,3,0.9845,7.071×10^-5,0.0084,4.950×10^-4,0.9845,7.071×10^-5,0.9845,7.071×10^-5,0.9997,0
exit_16,16,3,0.9870,0,0.0073,5.657×10^-4,0.9870,0,0.9870,0,0.9997,2.121×10^-4
exit_17,17,3,0.9874,3.536×10^-4,0.0073,4.243×10^-4,0.9874,3.536×10^-4,0.9874,3.536×10^-4,0.9998,2.121×10^-4
exit_18,18,3,0.9882,7.071×10^-4,0.0066,7.071×10^-4,0.9882,7.071×10^-4,0.9882,7.071×10^-4,0.9997,0
exit_19,19,3,0.9889,1.414×10^-4,0.0067,7.071×10^-5,0.9889,1.414×10^-4,0.9889,1.414×10^-4,0.9999,7.071×10^-5
exit_20,20,3,0.9887,6.364×10^-4,0.0075,3.536×10^-4,0.9887,6.364×10^-4,0.9887,6.364×10^-4,0.9998,7.071×10^-5
exit_21,21,3,0.9892,2.828×10^-4,0.0071,2.828×10^-4,0.9892,2.828×10^-4,0.9892,2.828×10^-4,0.9998,0
exit_22,22,3,0.9899,1.414×10^-4,0.0067,2.828×10^-4,0.9899,1.414×10^-4,0.9899,1.414×10^-4,0.9998,7.071×10^-5
exit_23,23,3,0.9889,4.950×10^-4,0.0079,1.414×10^-4,0.9889,4.950×10^-4,0.9889,4.950×10^-4,0.9997,7.071×10^-5
