method,-- GPU --,gpu_vram_total_mb,std_gpu_vram_total_mb,avg_gpu_mem_used_mb,std_avg_gpu_mem_used_mb,avg_vram_allocated_mb,std_avg_vram_allocated_mb,avg_vram_reserved_mb,std_avg_vram_reserved_mb,avg_vram_free_mb,std_avg_vram_free_mb,avg_gpu_clock_mhz,std_avg_gpu_clock_mhz,avg_gpu_mem_clock_mhz,std_avg_gpu_mem_clock_mhz,-- CPU --,avg_cpu_cores_used,std_avg_cpu_cores_used,avg_cpu_clock_mhz,std_avg_cpu_clock_mhz,-- RAM --,avg_ram_used_mb,std_avg_ram_used_mb,avg_unified_mem_used_mb,std_avg_unified_mem_used_mb
exit_0,,0.0000,0,1398.0000,0,1380.4700,1.455×10^-11,1398.0000,0,0.0000,0,0.0000,0,0.0000,0,,0.6020,2.442×10^-15,760.4148,9.123×10^1,,2460.2900,1.273×10^-11,0.0000,0
exit_1,,0.0000,0,1398.0000,0,1380.4700,1.455×10^-11,1398.0000,0,0.0000,0,0.0000,0,0.0000,0,,0.5010,2.998×10^-15,738.4178,4.282×10^1,,2460.2900,1.273×10^-11,0.0000,0
exit_2,,0.0000,0,1398.0000,0,1380.4700,1.455×10^-11,1398.0000,0,0.0000,0,0.0000,0,0.0000,0,,0.5840,2.776×10^-15,762.5956,5.816×10^1,,2460.2900,1.273×10^-11,0.0000,0
exit_3,,0.0000,0,1398.0000,0,1380.4700,1.455×10^-11,1398.0000,0,0.0000,0,0.0000,0,0.0000,0,,0.6050,4.219×10^-15,799.0044,5.890×10^1,,2460.2900,1.273×10^-11,0.0000,0
exit_4,,0.0000,0,1398.0000,0,1380.4700,1.455×10^-11,1398.0000,0,0.0000,0,0.0000,0,0.0000,0,,0.6490,7.772×10^-16,833.1672,8.245×10^1,,2460.2900,1.273×10^-11,0.0000,0
exit_5,,0.0000,0,1398.0000,0,1380.4700,1.455×10^-11,1398.0000,0,0.0000,0,0.0000,0,0.0000,0,,0.6770,7.772×10^-16,861.8667,8.482×10^1,,2460.2900,1.273×10^-11,0.0000,0
exit_6,,0.0000,0,1398.0000,0,1380.4700,1.455×10^-11,1398.0000,0,0.0000,0,0.0000,0,0.0000,0,,0.6660,2.776×10^-15,911.1704,7.793×10^1,,2460.2900,1.273×10^-11,0.0000,0
exit_7,,0.0000,0,1398.0000,0,1380.4700,1.455×10^-11,1398.0000,0,0.0000,0,0.0000,0,0.0000,0,,0.6640,5.995×10^-15,857.0311,9.933×10^1,,2460.2900,1.273×10^-11,0.0000,0
exit_8,,0.0000,0,1398.0000,0,1380.4700,1.455×10^-11,1398.0000,0,0.0000,0,0.0000,0,0.0000,0,,0.6490,7.772×10^-16,831.5726,1.113×10^2,,2460.2900,1.273×10^-11,0.0000,0
exit_9,,0.0000,0,1398.0000,0,1380.4700,1.455×10^-11,1398.0000,0,0.0000,0,0.0000,0,0.0000,0,,0.6290,3.664×10^-15,897.5170,1.182×10^2,,2460.2900,1.273×10^-11,0.0000,0
exit_10,,0.0000,0,1398.0000,0,1380.4700,1.455×10^-11,1398.0000,0,0.0000,0,0.0000,0,0.0000,0,,0.6660,2.776×10^-15,873.6237,1.067×10^2,,2460.2900,1.273×10^-11,0.0000,0
exit_11,,0.0000,0,1398.0000,0,1380.4700,1.455×10^-11,1398.0000,0,0.0000,0,0.0000,0,0.0000,0,,0.6680,4.663×10^-15,908.8948,1.010×10^2,,2460.2900,1.273×10^-11,0.0000,0
exit_12,,0.0000,0,1398.0000,0,1380.4700,1.455×10^-11,1398.0000,0,0.0000,0,0.0000,0,0.0000,0,,0.6620,3.220×10^-15,931.8793,6.992×10^1,,2460.2900,1.273×10^-11,0.0000,0
exit_13,,0.0000,0,1398.0000,0,1380.4700,1.455×10^-11,1398.0000,0,0.0000,0,0.0000,0,0.0000,0,,0.6570,3.109×10^-15,935.9170,1.001×10^2,,2460.2900,1.273×10^-11,0.0000,0
exit_14,,0.0000,0,1398.0000,0,1380.4700,1.455×10^-11,1398.0000,0,0.0000,0,0.0000,0,0.0000,0,,0.6490,7.772×10^-16,961.1378,7.036×10^1,,2460.2900,1.273×10^-11,0.0000,0
exit_15,,0.0000,0,1398.0000,0,1380.4700,1.455×10^-11,1398.0000,0,0.0000,0,0.0000,0,0.0000,0,,0.6420,2.665×10^-15,953.6474,7.463×10^1,,2460.2900,1.273×10^-11,0.0000,0
exit_16,,0.0000,0,1398.0000,0,1380.4700,1.455×10^-11,1398.0000,0,0.0000,0,0.0000,0,0.0000,0,,0.6370,3.331×10^-16,952.9837,8.774×10^1,,2460.2900,1.273×10^-11,0.0000,0
exit_17,,0.0000,0,1398.0000,0,1380.4700,1.455×10^-11,1398.0000,0,0.0000,0,0.0000,0,0.0000,0,,0.6220,6.994×10^-15,994.7970,7.775×10^1,,2460.2900,1.273×10^-11,0.0000,0
exit_18,,0.0000,0,1398.0000,0,1380.4700,1.455×10^-11,1398.0000,0,0.0000,0,0.0000,0,0.0000,0,,0.6200,3.109×10^-15,988.9116,9.945×10^1,,2460.2900,1.273×10^-11,0.0000,0
exit_19,,0.0000,0,1398.0000,0,1380.4700,1.455×10^-11,1398.0000,0,0.0000,0,0.0000,0,0.0000,0,,0.6140,2.887×10^-15,996.5985,7.666×10^1,,2460.2900,1.273×10^-11,0.0000,0
exit_20,,0.0000,0,1398.0000,0,1380.4700,1.455×10^-11,1398.0000,0,0.0000,0,0.0000,0,0.0000,0,,0.6110,3.997×10^-15,1006.1748,6.761×10^1,,2460.2900,1.273×10^-11,0.0000,0
exit_21,,0.0000,0,1398.0000,0,1380.4700,1.455×10^-11,1398.0000,0,0.0000,0,0.0000,0,0.0000,0,,0.6080,2.665×10^-15,1005.7454,9.612×10^1,,2460.2900,1.273×10^-11,0.0000,0
exit_22,,0.0000,0,1398.0000,0,1380.4700,1.455×10^-11,1398.0000,0,0.0000,0,0.0000,0,0.0000,0,,0.6020,2.442×10^-15,1011.2000,1.178×10^2,,2460.2900,1.273×10^-11,0.0000,0
exit_23,,0.0000,0,1398.0000,0,1380.4700,1.455×10^-11,1398.0000,0,0.0000,0,0.0000,0,0.0000,0,,0.6010,7.772×10^-16,1020.8711,1.078×10^2,,2460.2900,1.273×10^-11,0.0000,0
