method,ttft_sec_mean,std_ttft_sec_mean,end_to_end_sec_mean,std_end_to_end_sec_mean,throughput_samples_per_sec
exit_0,0,0,0.002034,2.695×10^-4,181.9486
exit_1,0,0,0.003117,4.882×10^-4,147.9486
exit_2,0,0,0.003721,2.279×10^-4,138.8271
exit_3,0,0,0.004964,4.746×10^-4,116.1739
exit_4,0,0,0.008606,8.201×10^-4,81.2686
exit_5,0,0,0.018953,1.614×10^-3,43.6049
exit_6,0,0,0.021152,1.136×10^-3,39.6174
exit_7,0,0,0.024572,2.325×10^-3,34.7651
exit_8,0,0,0.02706,2.241×10^-3,31.9847
exit_9,0,0,0.029677,2.870×10^-3,29.4295
exit_10,0,0,0.032555,2.073×10^-3,27.0548
exit_11,0,0,0.035067,1.991×10^-3,25.3090
exit_12,0,0,0.037837,2.162×10^-3,23.6189
exit_13,0,0,0.040567,2.507×10^-3,22.1644
exit_14,0,0,0.043439,2.136×10^-3,20.7800
exit_15,0,0,0.045921,2.865×10^-3,19.7636
exit_16,0,0,0.048738,2.668×10^-3,18.6625
exit_17,0,0,0.051422,4.189×10^-3,17.7692
exit_18,0,0,0.054216,3.270×10^-3,16.9025
exit_19,0,0,0.056666,2.745×10^-3,16.2192
exit_20,0,0,0.059529,2.494×10^-3,15.4913
exit_21,0,0,0.063374,3.651×10^-3,14.5885
exit_22,0,0,0.064771,4.056×10^-3,14.3101
exit_23,0,0,0.068443,5.063×10^-3,13.5855
