method,main_metric,acc,ece,f1,glue_score,mcc
exit_0,acc,0.4908,0.0592,0.0000,0.4908,0.0000
exit_1,acc,0.4908,0.0365,0.0000,0.4908,0.0000
exit_2,acc,0.5092,0.0030,0.6718,0.5092,0.0022
exit_3,acc,0.5092,0.0182,0.6748,0.5092,0.0000
exit_4,acc,0.5126,0.0017,0.6677,0.5126,0.0209
exit_5,acc,0.5092,0.0267,0.6748,0.5092,0.0000
exit_6,acc,0.5138,0.0085,0.6743,0.5138,0.0388
exit_7,acc,0.4908,0.0324,0.0133,0.4908,-0.0015
exit_8,acc,0.4908,0.0682,0.0000,0.4908,0.0000
exit_9,acc,0.5092,0.0455,0.6748,0.5092,0.0000
exit_10,acc,0.4908,0.0635,0.0000,0.4908,0.0000
exit_11,acc,0.4908,0.0513,0.0000,0.4908,0.0000
exit_12,acc,0.4862,0.0280,0.0508,0.4862,-0.0294
exit_13,acc,0.5092,0.0563,0.6748,0.5092,0.0000
exit_14,acc,0.4920,0.0403,0.0089,0.4920,0.0185
exit_15,acc,0.4920,0.0501,0.0045,0.4920,0.0333
exit_16,acc,0.4759,0.0319,0.4252,0.4759,-0.0455
exit_17,acc,0.5115,0.0405,0.6758,0.5115,0.0488
exit_18,acc,0.4977,0.0207,0.6562,0.4977,-0.0494
exit_19,acc,0.5092,0.0373,0.6748,0.5092,0.0000
exit_20,acc,0.4897,0.0553,0.0000,0.4897,-0.0345
exit_21,acc,0.5092,0.0796,0.6748,0.5092,0.0000
exit_22,acc,0.5138,0.0335,0.6748,0.5138,0.0415
exit_23,acc,0.4908,0.0701,0.0000,0.4908,0.0000
